observable,q1_mean,q1_min,q1_max,q2_mean,q2_min,q2_max,delta_q_mean,c1_mean,c1_min,c1_max,c2_mean,c2_min,c2_max,ratio_small_dt_median_e1_over_e2,defect1_response_mean,defect1_response_min,defect1_response_max,defect2_response_mean,defect2_response_min,defect2_response_max,corr_r1,corr_n1,corr_r2,corr_n2,class,split
h_hop_density,0.7553837163606123,0.5361690450534663,1.0833448350608672,2.197984251582875,2.15686245243198,2.234410104020212,1.4426005352222626,0.23089135598460164,0.027325057964547244,0.4315432107339392,0.4194228198500747,0.24774228413686497,0.7055945232252506,21.18887195769931,1.867339843959506,1.3801832260586413,2.578294207041244,0.060019124670520736,0.023523308096138083,0.11557221820729827,0.4960094902799276,16,0.9590587363599422,16,sensitive,swapped
electric_density,2.053778984874924,2.0068569182223994,2.076419239728729,1.9934919367545272,1.969091354996099,2.0132464906093688,-0.06028704812039698,0.5506632200651749,0.27619382015421357,0.9374513360206755,0.6255712071722155,0.4252623182947915,0.7708898205402386,0.6868962043696981,1.7850598697277738,1.3042150222721447,2.058271286450135,0.35130269458742713,0.04876245129154619,0.526297801184991,0.9868781513275756,16,0.8407551616066197,16,blind,swapped
staggered_magnetization,2.075472928147119,2.0248527436337844,2.109758059265275,2.0294997509558756,1.967680717243917,2.10955369611115,-0.0459731771912435,0.47192280665282493,0.1716357579945467,0.73274861512066,0.5171445302159643,0.12163958069935696,1.097050596344044,0.8838080355470281,2.367168779746394,1.2715071100583575,3.52634025066395,0.6162990065005115,0.06728244253152373,1.1213539026817518,0.9887544184800274,16,0.9758305079808045,16,blind,swapped
mass_density,2.075472928147119,2.024852743633784,2.1097580592652734,2.029499750955875,1.9676807172439166,2.1095536961111505,-0.04597317719124394,0.23596140332641255,0.08581787899727315,0.3663743075603307,0.25857226510798226,0.06081979034967839,0.5485252981720223,0.8838080355470281,1.183584389873197,0.6357535550291787,1.763170125331975,0.30814950325025575,0.03364122126576186,0.5606769513408759,0.9887544184800277,16,0.9758305079808045,16,blind,swapped
